"","spp","cu","cuid","peakQmag_year.1985.07.02.mean","peakQmag_year.2055.07.02.mean","peakQday_year.1985.07.02.mean","peakQday_year.2055.07.02.mean","POT19freq_year.1985.07.02.mean","POT19freq_year.2055.07.02.mean","POT19dur_year.1985.07.02.mean","POT19dur_year.2055.07.02.mean","lowQ05_year.1985.07.02.mean","lowQ05_year.2055.07.02.mean","highQ95_year.1985.07.02.mean","highQ95_year.2055.07.02.mean","peakQmag_year.diff.mean","peakQday_year.diff.mean","POT19freq_year.diff.mean","POT19dur_year.diff.mean","lowQ05_year.diff.mean","highQ95_year.diff.mean","peakQmag_year.prct_change.mean","peakQday_year.prct_change.mean","POT19freq_year.prct_change.mean","POT19dur_year.prct_change.mean","lowQ05_year.prct_change.mean","highQ95_year.prct_change.mean","peakQmag_year.1985.07.02.SD","peakQmag_year.2055.07.02.SD","peakQday_year.1985.07.02.SD","peakQday_year.2055.07.02.SD","POT19freq_year.1985.07.02.SD","POT19freq_year.2055.07.02.SD","POT19dur_year.1985.07.02.SD","POT19dur_year.2055.07.02.SD","lowQ05_year.1985.07.02.SD","lowQ05_year.2055.07.02.SD","highQ95_year.1985.07.02.SD","highQ95_year.2055.07.02.SD"
"1","Chinook","Middle Fraser River_SU_1.3",311,102.146483421755,101.639663231157,150.920950990103,134.665381223193,7.72933447586404,25.9789917166524,2.86160457913257,8.01903229977181,18.2666666666667,13.6621893744644,18.2666666666667,25.6266638103399,-0.506820190597551,-16.25556976691,18.2496572407883,5.15742772063924,-4.60447729220223,7.35999714367324,0.995038300158558,0.892290833974562,3.3610903756042,2.80228524871965,0.747930075244404,1.40291955166094,210.962514927256,206.274813647838,31.3899420795321,31.7820068931585,10.0917363768606,18.729987347335,2.76012311272926,7.75452245359413,0,14.4950299914727,0,32.1024926797795
"2","Chinook","Upper Fraser River_SP_1.3",312,183.708519324211,179.493284091003,153.826282837416,139.575401485457,3.54648779213997,15.2297819558689,1.13382260711971,3.81937305675034,18.2201527614571,14.6911084998042,18.2666666666667,17.6497062279671,-4.21523523320766,-14.2508813519595,11.6832941637289,2.68555044963063,-3.52904426165296,-0.616960438699568,0.977054764532893,0.907357305337595,4.29432803621162,3.36858079276866,0.806310939987381,0.966224793501848,532.467862751983,518.259924743636,18.864164003837,23.572023187629,6.87752886315545,13.8050492144874,1.68497333708347,3.51820400502144,0.714377580414594,12.4860806337241,0,3.03529216015105
"3","Chinook","South Thompson_SU_0.3",313,229.132947273197,226.08886736234,153.748259382106,137.572337796795,18.7643946932007,44.7399834162521,7.39224121003591,14.8922017797478,18.2666500829187,14.4356053067993,18.2666500829187,16.4970149253731,-3.04407991085628,-16.1759215853107,25.9755887230514,7.49996056971189,-3.8310447761194,-1.7696351575456,0.986714787432002,0.89478956281964,2.38430197977363,2.01457194869801,0.790271080973854,0.903122074955583,546.116434732641,539.824883979837,25.9543650003595,26.3853669836301,20.3967261622975,27.9897323906136,9.80611095680597,18.1249676746349,0.00030353242483791,12.4835670388272,0.00030353242483791,4.33119463834519
"4","Chinook","Shuswap River_SU_0.3",315,220.643811192364,214.991525216649,169.104168891907,153.635416030884,35.3791666666667,73.6194444444444,13.0928897019262,27.1260388396326,18.2666666666667,7.60520833333333,18.2666666666667,14.4590277777778,-5.65228597571451,-15.4687528610229,38.2402777777778,14.0331491377064,-10.6614583333333,-3.80763888888889,0.974382757689103,0.908525301520445,2.08086994072155,2.07181450827024,0.41634352189781,0.791552615571776,106.366645815092,103.213327182492,6.41810964347812,6.43952356143172,18.1788473718646,16.8191900002163,8.39952490681934,14.3641855624265,0,3.36986247826643,0,0.508835008468974
"5","Chinook","South Thompson_SU_1.3",314,25.6857788165031,25.6035558410918,158.804071557431,144.061068527571,11.7771416454623,32.5033502968617,2.71874687465698,6.43471707715935,18.2666242578456,17.2737489397795,18.2666666666667,18.4916454622561,-0.0822229754113373,-14.7430030298597,20.7262086513995,3.71597020250237,-0.992875318066158,0.224978795589482,0.996798891090719,0.9071623108572,2.75986748528114,2.36679520890344,0.945645385592266,1.01231635742278,59.1801919817476,58.4903538273235,16.1215132818303,15.2957347120391,19.8169463850304,26.6153651978532,3.18004439269334,6.26929880061824,0.000485391142589541,14.1252611276644,0,11.804907038478
"6","Chinook","South Thompson-Bessette Creek_SU_1.2",316,14.9476437207063,14.6498171910644,150.559999084473,134.006666870117,16.0011111111111,42.6711111111111,4.19025480938814,9.60175037277537,18.2666666666667,25.5193333333333,18.2666666666667,14.3546666666667,-0.297826529641945,-16.5533322143555,26.67,5.41149556338723,7.25266666666667,-3.912,0.98007535266382,0.890054912891783,2.66675925282966,2.29144784972573,1.39704379562044,0.785839416058394,50.0318899108757,49.1999046281154,11.346486521456,10.5444916054048,17.6816622678852,26.700325401448,4.3748644923415,9.47650551978574,0,11.4818788521439,0,6.0492423087762
"7","Chinook","Lower Thompson_SP_1.2",317,74.3482251863271,73.6046795005968,126.606250190735,111.174999847412,10.0093472222222,27.5860416666667,2.53941437930265,5.80948758682127,18.2666527777778,20.6079305555556,18.2666666666667,20.9020833333333,-0.743545685730254,-15.4312503433228,17.5766944444444,3.27007320751862,2.34127777777778,2.63541666666667,0.989999146800521,0.878116204215232,2.756028046007,2.28772729420262,1.12817223857378,1.1442746350365,402.390382256581,396.904449749731,17.9067452014561,17.8692397819757,15.1424212835078,21.64322316646,3.55706966665865,7.61085594846847,0.000277777777777821,15.835156406932,0,4.68329386410752
"8","Chinook","North Thompson_SP_1.3",318,143.04197005834,144.419381174056,168.853623431662,157.384057694587,1.29887278582931,15.8375603864734,0.65463568425223,4.85642049839363,18.2666666666667,6.11211755233494,18.2666666666667,19.0550724637681,1.37741111571663,-11.4695657370747,14.5386876006441,4.2017848141414,-12.1545491143317,0.788405797101451,1.00962941935961,0.932073914056593,12.1933114306968,7.41850866859017,0.334604975492789,1.04316090130117,278.037927765424,278.066510020107,7.51401222146766,9.80103377503283,2.23827788251278,11.9664065723592,0.838770881173835,4.61864989417648,0,6.90195106873726,0,1.80806463361267
"9","Chinook","North Thompson_SU_1.3",319,214.387959518613,211.666384724614,146.768429536086,131.586538571578,7.97475961538461,30.4633814102564,2.60847593544016,7.65943735406467,18.266639957265,20.3425747863248,18.2666666666667,18.0483707264957,-2.72157479399957,-15.1818909645081,22.4886217948718,5.05096141862451,2.07593482905983,-0.21829594017094,0.987305374797584,0.896558878414821,3.81997488068325,2.93636496699066,1.11364623345708,0.988049492326408,485.346323114422,478.465719873872,20.0322048473401,21.9050305442139,9.42151174929275,18.6519993411309,2.12509528245301,6.74555657044768,0.000385208469600914,15.1810543379981,0,1.23203504264359
"10","Chinook","Lower Fraser River_FA_0.3",303,930.773135178017,814.042269898183,188.530299100009,191.287875088778,12.5709595959596,63.2777777777778,5.30091770883438,29.8017016113796,18.2666666666667,21.6409090909091,18.2666666666667,14.4558080808081,-116.730865279833,2.75757598876953,50.7068181818182,24.5007839025453,3.37424242424242,-3.81085858585858,0.874587199750337,1.01462669927292,5.03364737550471,5.62198910609627,1.18472130059721,0.791376354788764,647.188924139355,564.823749340999,48.8098728017918,73.9590933427716,23.378865623128,26.3371261751837,7.51315525145352,13.8235081324372,0,27.2795582639347,0,11.4506700174504
"11","Chinook","Upper Adams River_SU_x.x",333,57.9602087373319,57.2819642891055,171.079709923786,155.322463491689,2.43900966183575,21.4531400966184,1.02076973583314,5.21350477856818,18.2666666666667,3.12789855072464,18.2666666666667,16.9115942028986,-0.67824444822643,-15.757246432097,19.0141304347826,4.19273504273504,-15.138768115942,-1.35507246376811,0.988298102042728,0.907895293725266,8.79584055459272,5.10742491235105,0.171235322119962,0.925817200888607,76.191564115335,75.0424168757188,14.7881222648362,22.0958740733362,3.20302850712617,12.1769913152919,1.03264099163282,3.220529400239,0,3.31913942792662,0,1.6775332280637
"12","Chinook","Lower Fraser River_SP_1.3",304,78.7004499347771,70.7180121897482,191.941176246194,181.674019757439,0.248447712418301,4.73415032679739,0.161991421568627,1.77019406542078,17.9532679738562,7.18741830065359,18.2666666666667,10.708660130719,-7.98243774502886,-10.2671564887552,4.48570261437908,1.60820264385215,-10.7658496732026,-7.55800653594771,0.898571891880614,0.946508838335001,19.0549161460046,10.9277025183142,0.40034038990116,0.586240518105052,178.898017212113,166.582907403303,15.5545563339082,20.8705122492626,0.602858375967629,6.56330551153898,0.34490332892145,2.22005284165965,2.24027210075046,13.2000494725793,0,5.64065309773941
"13","Chinook","Lower Fraser River-Upper Pitt_SU_1.3",305,110.83631302181,102.072274762287,208.22543736508,218.004385496441,1.36271929824561,19.9447368421053,0.791785888331941,6.24874085222769,18.2666666666667,26.9619883040936,18.2666666666667,12.6293859649123,-8.76403825952295,9.77894813136049,18.5820175438596,5.45695496389575,8.6953216374269,-5.63728070175438,0.920928096392034,1.04696327334021,14.6359832635983,7.8919578440479,1.47602125752337,0.691389742604687,132.694591725525,122.216637978893,28.855057023628,59.67686172268,1.78282780664484,21.8029256250492,0.879536073375495,7.55498749348029,0,25.3381394447392,0,6.05254697115156
"14","Chinook","Lower Fraser River_SU_1.3",306,242.412397365094,216.68273768068,194.890373760366,198.757575295188,2.24901960784314,15.6241532976827,0.989341512699356,6.19240513208651,18.2666666666667,15.70834818776,18.2666666666667,11.8023767082591,-25.7296596844141,3.86720153482204,13.3751336898396,5.20306361938715,-2.55831847890671,-6.4642899584076,0.89385996770758,1.01984295817287,6.94709518903067,6.2591178603139,0.85994606867299,0.646115513225861,463.724091645072,408.859455569046,30.6065678195568,48.7203001058136,8.95117038959154,22.8685104560318,3.06041792539225,10.9991848518763,0,20.9893509563558,0,6.31940735839816
"15","Chinook","Maria Slough_SU_0.3",307,6.97512912750244,7.87749218940735,19.5,19.1666660308838,26.3444444444444,71.5444444444444,3.97741522366522,7.64258536326648,18.2666666666667,42.1444444444444,18.2666666666667,19.6,0.902363061904907,-0.333333969116211,45.2,3.66517013960125,23.8777777777778,1.33333333333334,1.12936865331237,0.982905950301733,2.71573175875158,1.9214954772119,2.30717761557178,1.07299270072993,NA,NA,NA,NA,NA,NA,NA,NA,NA,NA,NA,NA
"16","Chinook","Middle Fraser-Fraser Canyon_SP_1.3",308,185.690877478412,178.989880526427,176.487879805131,159.372726717862,1.96141414141414,16.4314141414141,0.736552458203973,4.72343259644396,18.2666666666667,16.9840404040404,18.2666666666667,12.1186868686869,-6.70099695198465,-17.1151530872692,14.47,3.98688013823999,-1.28262626262626,-6.1479797979798,0.963913160177922,0.90302363478916,8.37733031208157,6.41289366946339,0.929783233797832,0.663431762884318,1122.01274524205,1090.8726918153,10.5269523669755,22.0256338651482,4.39240748394419,16.895661011561,1.13411649140396,6.29750604214407,0,16.6855710021899,0,2.55195048180545
"17","Chinook","Middle Fraser River-Portage_FA_1.3",309,26.6683515720897,26.6203063342306,182.13333384196,170.594443766276,8.39833333333333,25.0401851851852,2.42837029688419,6.51692089597645,18.2666666666667,4.02981481481481,18.2666666666667,15.4403703703704,-0.0480452378590925,-11.5388900756836,16.6418518518519,4.08855059909227,-14.2368518518519,-2.8262962962963,0.998198417411394,0.936645918502233,2.98156600736478,2.68366027386278,0.220610300081103,0.845275750202758,25.3490972444645,25.5199600406549,5.09477406649465,5.53250283922141,11.4555083734642,29.7197858665335,3.20599038897931,7.71425058332886,0,7.44220594287436,0,1.25572247672621
"18","Chinook","Middle Fraser River_SP_1.3",310,29.5615330260943,27.0237548595957,137.944957881229,124.190388134799,7.41719723420278,20.7831074142534,1.56270236405396,4.1731011866815,17.2368316560553,14.2468029027179,18.2666666666667,24.6541863490108,-2.53777816649864,-13.7545697464299,13.3659101800507,2.61039882262754,-2.99002875333744,6.38751968234408,0.91415268740432,0.900289434585405,2.8020162816241,2.67043890293712,0.826532577854177,1.3496817344349,162.565354934548,151.346139052075,25.4297395465162,24.2131979685001,13.4025577718812,21.2286500499574,1.8244951269379,3.36591767672039,4.07873309062455,13.7527578406368,0,12.8093060026179
"19","Chum","Lower Fraser",701,717.540405033006,678.65348568318,194.692510695184,197.375183401654,5.6220753793441,23.8630200685267,1.91876474855728,8.45277904634524,18.2197258932942,23.798800783162,18.2666666666667,14.0351321585903,-38.8869193498259,2.68267270646956,18.2409446891826,6.53401429778796,5.57907488986784,-4.23153450807636,0.945805254899845,1.01377902363522,4.24452154380588,4.40532329599076,1.30621069287992,0.768346651017718,2319.45794270534,2195.99668988019,57.7787215797138,75.4367624737811,14.5515657094218,28.680714651286,3.79989696566565,13.2597496340558,0.868811312794312,25.9247526647422,0,7.21331247653146
"20","Coho","Lower Fraser",750,1170.13511970705,1110.24886630651,195.750583214519,203.289883079232,9.62712926934717,37.6722870730653,3.21860583756489,13.3637666644471,18.2666666666667,35.1515564202335,18.2666666666667,16.1626891482923,-59.8862534005355,7.53929986471331,28.0451578037181,10.1451608268823,16.8848897535668,-2.1039775183744,0.948821078530206,1.03851482708714,3.91313817640468,4.15203580024506,1.92435527847993,0.884818748994102,2996.84640002143,2837.15116013065,74.325364022375,95.0705864803708,18.3459364117595,31.0970716379943,4.62886110511478,15.8194003556055,0,26.4739482480362,0,7.85721823903962
"21","Coho","Lillooet",704,127.099584366868,115.607735326851,193.312182586205,189.659052350194,0.397208121827411,5.84788494077834,0.223032972542279,2.04605915877066,18.1584884376763,8.98835307388607,18.2666666666667,11.2595882684715,-11.4918490400169,-3.65313023601087,5.45067681895093,1.82302618622839,-9.17013536379019,-7.00707839819515,0.90958389756141,0.981102431377382,14.722470713525,9.17379675053565,0.49499456437335,0.616400817617054,291.081344358,263.115349500852,22.2935984716819,35.2349909934897,1.14895702158718,7.86588002714625,0.530305120947134,2.57308415682217,1.318305875652,15.7629199366944,0,5.09357704835968
"22","Coho","Fraser Canyon",705,989.538679508393,959.720152516792,176.390946564851,153.289094501072,2.90826474622771,21.0873456790123,1.4784251316813,8.13334732801682,18.2666666666667,24.191426611797,18.2666666666667,11.7292524005487,-29.8185269916008,-23.1018520637795,18.1790809327846,6.65492219633552,5.92475994513032,-6.53741426611797,0.969866234024915,0.869030398023937,7.25083426684747,5.50135894860456,1.32434817217867,0.642112357694272,2663.24443172556,2585.96680073515,8.56411948740617,24.8562586535456,4.30344139806684,18.557079342288,1.97252200929082,12.1537628863433,0,21.4852916281092,0,3.62217574356207
"23","Coho","Interior Fraser",749,136.286751664455,132.761284045759,145.436945771244,130.636528435666,5.90293659691081,20.0799659524996,1.64822382857282,5.22784247890557,17.9253539694403,12.9460347118419,18.2666645905996,22.2451783341638,-3.52546761869536,-14.8004173355787,14.1770293555888,3.57961865033275,-4.97931925759841,3.97851374356419,0.974131985863342,0.898234817452382,3.40169094193017,3.17180372488142,0.722219194885228,1.21780187202932,606.322730263545,589.852149031578,27.5690110953886,29.2968760367488,10.9670589054942,18.898703420779,1.97715629904925,5.54682838049036,2.38601276696749,13.3170636800133,0.0001073850579582,16.3488430442001
"24","Coho","Lower Thompson",707,121.721400173838,120.479489322046,124.567890474013,110.223776157086,10.8121989121989,29.5195512820513,2.91253476464487,6.64003240089132,18.266656954157,23.1882478632479,18.2666666666667,21.0791958041958,-1.24191085179228,-14.344114316927,18.7073523698524,3.72749763624645,4.92159090909091,2.81252913752914,0.989797103467273,0.884849022791155,2.73020793658778,2.27981223829304,1.26943030251471,1.1539705732224,518.335020084153,511.942514908577,19.3718487943742,18.9474504598876,15.0146949130557,21.862392993693,4.0889538519095,9.32522812923083,0.000232289447224228,18.4658384774731,0,5.98966683317806
"25","Coho","South Thompson",708,91.0598306176515,89.6185776754076,159.44683278221,143.664120255736,15.5613479376357,39.2893230708506,5.49827449959709,11.4459132734553,18.266646931123,13.2016380501283,18.2666567988948,16.6982336688376,-1.44125294224389,-15.7827125264739,23.7279751332149,5.94763877385826,-5.06500888099467,-1.56842313005723,0.98417246185867,0.901015829219815,2.52480204339034,2.08172823570269,0.722718192337487,0.91413737350383,214.512295988439,211.332164307203,20.9538535628692,21.7420589983512,20.2550524480588,27.9553794564104,8.26686038175344,14.8532822182872,0.000330827473402422,11.717473629271,0.000234138751089531,6.79576031105482
"26","Coho","North Thompson",709,102.807690971264,102.484384618088,154.024678783988,140.662624865218,5.78823109843081,22.4612458392772,1.79967440346088,5.69598799262002,18.1624266920273,11.7619432556665,18.2666666666667,19.1273181169758,-0.323306353175525,-13.3620539187705,16.6730147408464,3.89631358915914,-6.40048343636075,0.860651450309085,0.996855231839942,0.913247318389087,3.88050260214497,3.16501028278576,0.647597562545408,1.04711595530889,295.414799115365,292.12299507368,21.518030930992,23.4567623688985,10.7252208060804,19.7351279064187,2.18740438309449,5.55002565845146,1.22416628740782,12.2731446391298,0,2.62384945140016
"27","Pink","Fraser River",710,186.036390116864,180.039935637637,148.103760038601,134.246994919417,7.47574517825833,24.0106711474771,2.20672994346296,6.44789403538546,17.9939752581336,14.528775407494,18.2666642314436,21.2291902071563,-5.99645447922657,-13.8567651191836,16.5349259692188,4.2411640919225,-3.46519985063965,2.96252597571271,0.967767303614848,0.906438802663943,3.2118097360123,2.92192257348308,0.807424440629187,1.1621821005837,927.193678176242,891.244820751918,33.3253433322144,38.1489399259654,13.1655056770605,21.8825027863993,3.49474512633327,8.27911570295628,2.1390479127711,15.59733239293,0.00011629730399743,15.0192434230589
"28","Sockeye","Anderson/Seton_Early Summer",719,59.4287579854329,59.4308709462484,187.666668701172,176.466665649414,25.6222222222222,67.3788888888889,7.16332319223986,17.9781908369408,18.2666666666667,2.55333333333333,18.2666666666667,15.3311111111111,0.002112960815424,-11.2000030517578,41.7566666666667,10.814867644701,-15.7133333333333,-2.93555555555555,1.00003555451749,0.940319700193581,2.62970511708586,2.50975564754874,0.13978102189781,0.839294403892944,5.05861862038083,5.31208461082624,1.82573907248956,2.5560330299688,1.8105273428643,0.812455126965997,0.200890771978785,0.391041588934886,0,0.209960313710314,0,0.133887736279041
"29","Sockeye","Bowron_Early Summer",735,25.5511318312751,23.4287339846293,147.444442749023,137.333333333333,7.2962962962963,22.5037037037037,2.33711272780717,5.38417628667629,18.2666666666667,11.787037037037,18.2666666666667,15.9907407407407,-2.12239784664578,-10.1111094156901,15.2074074074074,3.04706355886911,-6.47962962962963,-2.27592592592593,0.916935270787186,0.931424275970163,3.08426395939086,2.30377260908936,0.645275750202758,0.875405515004055,13.1085383311391,11.7339060577659,2.58378389319471,3.0322387061718,9.78777319492163,16.6581925987916,2.39380960943857,3.69642827820052,0,5.13868267854534,0,0.996449458143136
"30","Sockeye","Chilko_Early Summer",720,157.668618202209,112.829677581787,215.000003814697,192.791664123535,0.0875,17.025,0.06875,7.39810515873016,18.2666666666667,1.10416666666667,18.2666666666667,1.97222222222222,-44.8389406204224,-22.2083396911621,16.9375,7.32935515873016,-17.1625,-16.2944444444444,0.715612776139659,0.896705398618026,194.571428571429,107.608802308802,0.0604470802919708,0.107968369829684,45.6768830617269,35.6912841796875,9.33333587646484,6.08332824707031,0.0583333333333333,10.0944444444444,0.0458333333333333,4.24114417989418,0,0.636111111111111,0,0.4
"31","Sockeye","Chilko_Summer",721,134.805581101941,98.6010810914967,209.14815182156,189.453700595432,0.0864197530864198,16.4685185185185,0.0683641975308642,7.13871031746032,18.2666666666667,1.73611111111111,18.2666666666667,5.6212962962963,-36.2045000104441,-19.6944512261285,16.3820987654321,7.07034611992945,-16.5305555555556,-12.6453703703704,0.731431742554739,0.905834925842752,190.564285714286,104.42176717188,0.0950425790754258,0.307735198702352,76.1701118102059,53.6056810389359,18.2203213493692,11.5000398721962,0.0508897673177539,9.32488880353311,0.0395730996849101,3.9577368546221,0,1.38440354171158,0,7.29269146237739
"32","Sockeye","Chilliwack_Early Summer",711,114.597714106242,117.781628926595,161.25,155.916664123535,2.39444444444444,21.3722222222222,1.24428240740741,4.0215051306718,18.2666666666667,2.96111111111111,18.2666666666667,8.00833333333333,3.18391482035319,-5.33333587646484,18.9777777777778,2.77722272326439,-15.3055555555556,-10.2583333333333,1.02778340602328,0.966925048828125,8.92575406032483,3.23198745456108,0.162104622871046,0.438412408759124,7.626270607523,9.12332576749719,0.117843937135612,1.29635883564426,1.09994388184574,4.42334575342251,0.383441746668427,0.412727525776769,0,0.14142135623731,0,0.0432120810725111
"33","Sockeye","Cultus_Late",712,16.6260178089142,19.889763991038,209.333335876465,239.833335876465,9.08055555555555,39.8166666666667,2.38359567901235,5.65461605524106,18.2666666666667,52.9194444444444,18.2666666666667,20.0027777777778,3.26374618212382,30.5,30.7361111111111,3.27102037622871,34.6527777777778,1.73611111111111,1.19630354181228,1.1457006351726,4.38482716427042,2.37230504528523,2.8970498783455,1.09504257907543,7.89321334834235,9.74796926119488,42.1907082073284,1.8856216796952,6.63501863013377,15.2420795055767,0.814366898440343,1.15645071241851,0,7.46783328353125,0,0.373195245626234
"34","Sockeye","Francois/Fraser_Summer",725,41.518180624644,48.1036005020142,160.433334350586,143.73332824707,17.9061111111111,46.8330555555556,6.49812338664422,14.4803806116723,18.2666666666667,35.1691666666667,18.2666666666667,32.4244444444444,6.5854198773702,-16.7000061035156,28.9269444444444,7.98225722502806,16.9025,14.1577777777778,1.1586153289545,0.895906881377769,2.61547888678601,2.22839422246648,1.92531934306569,1.77506082725061,11.3827107920724,13.0470717556249,5.26668678667882,5.3350874308428,3.86712199880043,3.84212293214714,0.0979486946190122,0.889890118608259,0,1.51592636110522,0,0.229347748764949
"35","Sockeye","Nadina/Francois_Early Summer",727,35.416938940684,40.8098284216488,160.34313695571,143.735289629768,15.7604575163399,45.3977124183007,6.01570932063579,14.0440135885356,18.2666666666667,32.7977124183007,18.2666666666667,31.2986928104575,5.39288948096481,-16.6078473259421,29.6372549019608,8.02830426789986,14.531045751634,13.0320261437909,1.15226865003768,0.896423085881565,2.88048188773923,2.33455654852874,1.79549520538142,1.71343208816373,5.27858626819383,6.24254244319579,7.52091401775706,7.35532969503323,1.36604248725248,2.0652811017902,1.22843108917604,2.46559090548839,0,5.47827959261335,0,3.49656330910545
"36","Sockeye","Harrison-downstream migrating_Late",713,1119.25840598929,980.019721989538,180.499996409697,183.225486306583,8.88300653594771,64.2166666666667,3.81943251374624,32.0761068080431,18.2666666666667,13.0725490196078,18.2666666666667,10.9895424836601,-139.238683999753,2.7254898968865,55.333660130719,28.2566742942968,-5.19411764705882,-7.27712418300653,0.875597374784349,1.01509966731911,7.22915900228092,8.39813419731867,0.715650493774152,0.601617289251467,527.523910342592,460.375251368285,41.8928026291569,63.0184585738069,19.9649569027923,22.7271304295489,5.78453824835931,12.1274348506893,0,19.556920275789,0,7.17073013633131
"37","Sockeye","Harrison-upstream migrating_Late",714,682.614998181661,598.316144903501,186.25,151.666664123535,5.70833333333333,51.9833333333333,2.44585427689594,21.1169140889974,18.2666666666667,41.2361111111111,18.2666666666667,24.8944444444444,-84.2988532781601,-34.5833358764648,46.275,18.6710598121015,22.9694444444444,6.62777777777778,0.876506004845024,0.814317659723679,9.10656934306569,8.63375806501322,2.25745133819951,1.36283454987835,956.585211736902,834.76314399509,2.9462710618818,36.2981445043784,2.47880210515951,21.4489056959919,0.270373252283457,22.5774386695705,0,51.4577318153477,0,22.9652569045364
"38","Sockeye","Kamloops_Early Summer",740,1371.53457794487,1355.08038737396,163.739998474121,151.846666564941,12.4595555555556,51.8031111111111,6.25293070016403,23.8100542115292,18.2666666666667,5.17555555555556,18.2666666666667,18.6737777777778,-16.4541905709109,-11.8933319091797,39.3435555555556,17.5571235113652,-13.0911111111111,0.407111111111114,0.988003080027653,0.927364529009328,4.15770136263109,3.80782313978062,0.283333333333333,1.02228710462287,778.475866241507,767.795763332973,18.0977964564492,21.8370397341852,10.1836473401306,11.1884169601456,5.94171922675431,12.4094734115427,0,7.67878973070594,0,0.727990709591151
"39","Sockeye","Lillooet/Harrison_Late",716,735.874510114843,679.971290227139,185.227269952947,179.530302567915,0.10959595959596,8.10909090909091,0.0734427609427609,3.96229677729678,18.2666666666667,4.96565656565657,18.2666666666667,11.3146464646465,-55.9032198877045,-5.69696738503197,7.99949494949495,3.88885401635402,-13.3010101010101,-6.9520202020202,0.92403158538678,0.969243365804187,73.9907834101382,53.9508145722472,0.271842512718425,0.61941495244415,343.274876184782,301.239819483651,7.06920970658762,10.0796325816766,0.361649947634474,8.11298847098992,0.241745257613259,3.95963160549422,0,15.3897333940323,0,1.13436574089619
"40","Sockeye","Nahatlatch_Early Summer",718,128.451590760549,118.385695489248,177.966668701172,165.366665649414,0.762222222222222,34.29,0.460462962962963,9.59051777080944,18.2666666666667,13.5888888888889,18.2666666666667,11.6311111111111,-10.0658952713013,-12.6000030517578,33.5277777777778,9.13005480784648,-4.67777777777778,-6.63555555555556,0.921636663184145,0.929200208422653,44.9868804664723,20.8279895284018,0.743917274939173,0.636739659367397,66.5528249842528,61.2281531525062,3.18939402704214,0.273857564302752,0.869115131102382,17.1074240255546,0.492895079083684,5.39147140289525,0,3.55584851223661,0,0.600881554031498
"41","Sockeye","Pitt_Early Summer",715,232.277096778919,210.321716516446,206.094869760367,223.679489135742,2.58760683760684,40.1064102564103,1.45073310948311,12.6365223748237,18.2666666666667,30.7008547008547,18.2666666666667,11.6803418803419,-21.9553802624727,17.5846193753756,37.5188034188034,11.1857892653405,12.434188034188,-6.58632478632479,0.905477636121094,1.08532293596547,15.4994219653179,8.71043908229681,1.68070372449935,0.639434774471271,129.255877099337,115.91964841342,25.776866120091,40.5677563637316,1.97658509846452,20.9009151804759,0.837109406456838,8.30910958000529,0,21.3708265299886,0,6.20251741644964
"42","Sockeye","Quesnel_Summer",728,296.908977266441,295.715353814344,172.446233195643,157.354841909101,17.2415770609319,52.7014336917563,7.56318680970563,20.5439727524069,18.2666666666667,11.4854838709677,18.2666666666667,19.1629032258065,-1.19362345209686,-15.0913912865423,35.4598566308244,12.9807859427013,-6.78118279569892,0.896236559139787,0.995979833742023,0.912486396444387,3.05664809579245,2.71631169099822,0.628767365198964,1.04906404520838,155.419622646545,154.840641639288,15.4189248401408,15.2425310694283,6.09155251805158,10.2559399598659,2.11883722101942,7.44369537204103,0,15.9542555746482,0,1.79162281720488
"43","Sockeye","Seton_Late",729,63.1230506896973,63.3102690378825,189,178.33332824707,26.9444444444444,67.9722222222222,7.31003306878307,18.2637672358506,18.2666666666667,2.4,18.2666666666667,15.2333333333333,0.187218348185219,-10.6666717529297,41.0277777777778,10.9537341670675,-15.8666666666667,-3.03333333333333,1.00296592680708,0.943562583317832,2.52268041237113,2.49845206772656,0.131386861313869,0.833941605839416,0,0,0,0,0,0,0,0,0,0,0,0
"44","Sockeye","Shuswap_Late",739,366.32086755534,359.948115204508,172.719609518612,156.149016974954,43.2424836601307,76.3648366013072,19.0197655722092,35.5975768396188,18.2666666666667,6.98921568627451,18.2666666666667,14.9485620915033,-6.37275235083177,-16.5705925436581,33.1223529411765,16.5778112674096,-11.2774509803922,-3.3181045751634,0.982603359744803,0.904060734100534,1.76596786626562,1.8716096528357,0.38262129669386,0.818351939315872,284.747537350229,281.692585055956,13.0369908990539,13.8402391511604,19.2516568552161,23.1916826982398,10.4426557982777,18.4099607955895,0,5.69538425287317,0,1.92546637137896
"45","Sockeye","Shuswap_Early Summer",738,366.32086755534,359.948115204508,172.719609518612,156.149016974954,43.2424836601307,76.3648366013072,19.0197655722092,35.5975768396188,18.2666666666667,6.98921568627451,18.2666666666667,14.9485620915033,-6.37275235083177,-16.5705925436581,33.1223529411765,16.5778112674096,-11.2774509803922,-3.3181045751634,0.982603359744803,0.904060734100534,1.76596786626562,1.8716096528357,0.38262129669386,0.818351939315872,284.747537350229,281.692585055956,13.0369908990539,13.8402391511604,19.2516568552161,23.1916826982398,10.4426557982777,18.4099607955895,0,5.69538425287317,0,1.92546637137896
"46","Sockeye","Takla/Trembleur_Early Stuart",732,137.395815100383,141.743987141384,173.743056615194,159.370370335049,5.89066358024691,27.7748456790123,2.92342422238256,10.3050930482412,18.2666666666667,3.86759259259259,18.2666666666667,22.4236882716049,4.34817204100113,-14.3726862801446,21.8841820987654,7.38166882585864,-14.3990740740741,4.15702160493827,1.03164704862244,0.917276197621081,4.71506228468884,3.5250077526698,0.211729521492295,1.22757417545283,96.883175765874,100.185725871298,17.0689241751421,18.1131506414729,5.00106568597828,12.2629403889657,1.97733225582415,5.56481311703238,0,3.5660072323665,0,1.22471718354453
"47","Sockeye","Takla/Trembleur/Stuart_Summer",731,158.070105516404,164.8241045296,177.919810672976,162.402515843229,9.32269392033543,33.7107442348008,4.26745523708181,13.3179484862622,18.2666666666667,3.62154088050314,18.2666666666667,24.2314465408805,6.75399901319599,-15.5172948297464,24.3880503144654,9.05049324918036,-14.6451257861635,5.96477987421384,1.04272787059344,0.912784895785057,3.61598745200335,3.12081738328187,0.198259537253822,1.32653904420879,98.9067859794641,103.658748289766,21.6336027050352,22.7351537174817,7.1828143057527,14.681150962159,2.87084537996297,7.48003535039562,0,3.20297413806579,0,3.287505329497
"48","Sockeye","Taseko_Early Summer",734,275.88043208917,220.82257749637,201.6875,176.583332061768,0.247916666666667,1.27152777777778,0.187291666666667,0.718668154761905,18.2666666666667,0.867361111111111,18.2666666666667,4.47638888888889,-55.0578545928001,-25.1041679382324,1.02361111111111,0.531376488095238,-17.3993055555556,-13.7902777777778,0.800428561837962,0.87552938115534,5.12885154061625,3.83716033688225,0.0474832725060827,0.245057785888078,171.695702206681,137.619572438499,8.72618844208197,2.34351587166011,0.463280777157055,1.50719449684596,0.315215477027496,0.660792319035872,0,0.80685684441054,0,6.05920070135738
